<?xml version="1.0"?>
<PlanData xmlns:xsi="http://www.w3.org/2001/XMLSchema-instance" xmlns:xsd="http://www.w3.org/2001/XMLSchema">
  <Job>
    <PlanItem>
      <PlanItemId>1</PlanItemId>
      <UserID>1</UserID>
      <Date>2018-05-29T00:00:00</Date>
      <Job>Test 1</Job>
      <FromTime>
        <X>0</X>
        <Y>0</Y>
      </FromTime>
      <FromTimeMinute>30</FromTimeMinute>
      <FromTimeHour>4</FromTimeHour>
      <ToTime>
        <X>0</X>
        <Y>0</Y>
      </ToTime>
      <ToTimeMinute>0</ToTimeMinute>
      <ToTimeHour>18</ToTimeHour>
      <Status>DOING</Status>
    </PlanItem>
    <PlanItem>
      <PlanItemId>2</PlanItemId>
      <UserID>2</UserID>
      <Date>2018-05-29T00:00:00</Date>
      <Job>Test 2</Job>
      <FromTime>
        <X>0</X>
        <Y>0</Y>
      </FromTime>
      <FromTimeMinute>0</FromTimeMinute>
      <FromTimeHour>5</FromTimeHour>
      <ToTime>
        <X>0</X>
        <Y>0</Y>
      </ToTime>
      <ToTimeMinute>0</ToTimeMinute>
      <ToTimeHour>10</ToTimeHour>
      <Status>DOING</Status>
    </PlanItem>
    <PlanItem>
      <PlanItemId>3</PlanItemId>
      <UserID>1</UserID>
      <Date>2018-05-29T00:00:00</Date>
      <Job>Test 3</Job>
      <FromTime>
        <X>0</X>
        <Y>0</Y>
      </FromTime>
      <FromTimeMinute>0</FromTimeMinute>
      <FromTimeHour>3</FromTimeHour>
      <ToTime>
        <X>0</X>
        <Y>0</Y>
      </ToTime>
      <ToTimeMinute>0</ToTimeMinute>
      <ToTimeHour>6</ToTimeHour>
      <Status>COMING</Status>
    </PlanItem>
    <PlanItem>
      <PlanItemId>4</PlanItemId>
      <UserID>1</UserID>
      <Date>2018-05-29T00:00:00</Date>
      <Job>Test 2</Job>
      <FromTime>
        <X>0</X>
        <Y>0</Y>
      </FromTime>
      <FromTimeMinute>0</FromTimeMinute>
      <FromTimeHour>5</FromTimeHour>
      <ToTime>
        <X>0</X>
        <Y>0</Y>
      </ToTime>
      <ToTimeMinute>0</ToTimeMinute>
      <ToTimeHour>10</ToTimeHour>
      <Status>DOING</Status>
    </PlanItem>
    <PlanItem>
      <PlanItemId>5</PlanItemId>
      <UserID>1</UserID>
      <Date>2018-05-29T00:00:00</Date>
      <Job>Test 4</Job>
      <FromTime>
        <X>0</X>
        <Y>0</Y>
      </FromTime>
      <FromTimeMinute>0</FromTimeMinute>
      <FromTimeHour>3</FromTimeHour>
      <ToTime>
        <X>0</X>
        <Y>0</Y>
      </ToTime>
      <ToTimeMinute>0</ToTimeMinute>
      <ToTimeHour>5</ToTimeHour>
      <Status>COMING</Status>
    </PlanItem>
  </Job>
</PlanData>